vop,mean,mean err,sigma,sigma err
68.93,274.486,3.12781,24.068,2.69389
68.98,312.134,4.7449,40.4067,3.81931
69.03,261.475,3.82387,40.622,3.38988
69.08,292.111,3.62898,52.7553,3.40053
69.13,255.41,2.86473,41.6012,2.67356
69.18,277.544,2.86214,41.15,2.22354
69.23,294.513,2.60375,26.2237,2.18672
69.33,275.128,4.04065,44.8545,3.19214
