vop,mean,mean err,sigma,sigma err
68.93,258.184,4.42366,28.4647,4.35799
68.98,305.074,5.69409,40.4566,4.33845
69.03,280.278,6.4896,53.5148,5.31794
69.08,287.469,4.28249,48.3763,3.7954
69.13,257.792,3.02098,38.7367,2.42003
69.18,273.259,3.35156,41.056,2.74757
69.23,291.762,3.84251,22.298,3.03909
69.33,278.674,4.63045,45.6522,3.81069
