vop,mean,mean err,sigma,sigma err
68.93,275.454,1.11383,22.1384,0.779665
68.98,305.993,2.01696,42.0061,1.74912
69.03,262.874,1.41027,41.0735,1.17912
69.08,290.111,1.48338,52.7629,1.29963
69.13,255.829,1.17083,41.7668,1.07091
69.18,276.849,1.18807,41.2738,0.975684
69.23,293.904,1.12871,29.8928,1.1523
69.33,274.417,1.63901,44.7688,1.28046
