vop,mean,mean err,sigma,sigma err
68.93,262.289,4.02609,23.8848,3.26927
68.98,303.394,6.14674,42.6526,5.11661
69.03,265.667,6.73851,48.6881,4.7263
69.08,285.504,4.51965,54.9707,4.3291
69.13,260.064,3.46649,43.2587,2.98767
69.18,268.843,3.32832,39.74,3.29781
69.23,277.23,3.08519,28.8184,2.83862
69.33,278.452,5.24859,47.5993,4.22545
