vop,mean,mean err,sigma,sigma err
68.93,277.206,3.60531,23.4211,3.53716
68.98,313.619,5.55478,39.6454,5.49327
69.03,259.857,5.10005,36.1305,4.07684
69.08,289.004,3.93923,49.5396,3.23806
69.13,257.008,3.40119,42.1105,2.85825
69.18,276.076,3.28929,40.1408,3.03603
69.23,291.565,3.16624,27.8557,3.97512
69.33,274.282,4.91882,46.5343,4.39086
