vop,mean,mean err,sigma,sigma err
68.93,274.486,3.12781,24.068,2.69389
68.98,307.516,4.90608,41.9993,4.30012
69.03,263.003,3.89831,41.5992,3.45532
69.08,291.326,3.66733,53.3238,3.46558
69.13,255.268,2.86879,41.7099,2.66927
69.18,276.743,2.88967,41.4965,2.26962
69.23,293.657,2.41608,25.3596,2.09501
69.33,274.894,4.01951,44.8183,3.17787
