vop,mean,mean err,sigma,sigma err
68.93,311.883,5.15518,31.7485,4.76696
68.98,293.754,5.3756,37.5161,5.49749
69.03,272.171,6.57602,54.8126,5.59545
69.08,285.492,5.31926,54.3318,4.71336
69.13,246.687,2.96395,37.9968,2.19948
69.18,264.405,3.43902,41.8234,2.87223
69.23,355.518,5.55445,32.4942,5.59785
69.33,264.54,4.97489,43.9784,4.26455
