vop,mean,mean err,sigma,sigma err
68.93,314.665,3.84371,27.6384,3.37016
68.98,295.567,4.87323,40.9436,3.76005
69.08,284.281,4.72776,58.4069,3.75832
69.13,248.177,2.77466,39.5053,2.1083
69.18,264.6,2.89697,42.1377,2.18571
69.23,359.078,4.45861,30.1228,4.53564
69.33,262.287,3.66539,42.7212,3.05243
