vop,mean,mean err,sigma,sigma err
68.93,314.665,2.71791,27.6384,2.38325
68.98,295.567,3.44589,40.9436,2.65894
69.08,284.281,3.34303,58.4069,2.65762
69.13,248.177,1.96198,39.5053,1.49082
69.18,264.6,2.04857,42.1371,1.54561
69.23,359.078,3.15271,30.1228,3.20782
69.33,262.287,2.59182,42.7212,2.15848
